"Clients","Run","WarmupMovesPerClient","MeasuredMovesPerClient","Samples","ElapsedMs","CommandsPerSecond","EstimatedDeliveriesPerSecond","MinUs","P50Us","P95Us","P99Us","MaxUs","Variant","Commit","ServerTcpNoDelay","ClientTcpNoDelay"
"1","1","100","2000","2000","195.543","10227.908","10227.908","39","81","202.9","570.1","1803.7","single","f53903456b01fb5370346f1f8c7c2f3d84efec70","1","1"
"1","1","100","2000","2000","152.652","13101.721","13101.721","38","66.7","110.5","292.7","758.5","batched","daf639baedb5f2f629243778d5d2e7a683feddbd","1","1"
"1","2","100","2000","2000","141.016","14182.768","14182.768","37.9","61.8","104.4","242.6","802.6","batched","daf639baedb5f2f629243778d5d2e7a683feddbd","1","1"
"1","2","100","2000","2000","143.974","13891.416","13891.416","37.9","61.7","107.3","232.5","2020.7","single","f53903456b01fb5370346f1f8c7c2f3d84efec70","1","1"
"1","3","100","2000","2000","163.381","12241.325","12241.325","41.1","73.6","125.9","286.8","1391.3","single","f53903456b01fb5370346f1f8c7c2f3d84efec70","1","1"
"1","3","100","2000","2000","140.875","14196.953","14196.953","37.8","61.2","111.3","214.8","776.9","batched","daf639baedb5f2f629243778d5d2e7a683feddbd","1","1"
"1","4","100","2000","2000","177.085","11293.992","11293.992","38.8","65","187.4","429","5645.8","batched","daf639baedb5f2f629243778d5d2e7a683feddbd","1","1"
"1","4","100","2000","2000","118.899","16820.999","16820.999","36.8","50.6","99.5","138.2","321.8","single","f53903456b01fb5370346f1f8c7c2f3d84efec70","1","1"
"1","5","100","2000","2000","138.293","14462.038","14462.038","38.1","59.7","110.4","226.3","930.9","single","f53903456b01fb5370346f1f8c7c2f3d84efec70","1","1"
"1","5","100","2000","2000","136.732","14627.186","14627.186","37.8","61","105.5","221.3","510.5","batched","daf639baedb5f2f629243778d5d2e7a683feddbd","1","1"
"8","1","100","2000","16000","2867.967","5578.865","44630.923","162.4","1254","2382","3520.5","9345.4","single","f53903456b01fb5370346f1f8c7c2f3d84efec70","1","1"
"8","1","100","2000","16000","1149.016","13924.96","111399.677","146.7","519.5","878.6","1370.2","4534.5","batched","daf639baedb5f2f629243778d5d2e7a683feddbd","1","1"
"8","2","100","2000","16000","1149.543","13918.569","111348.548","142.6","502.6","905.9","1489.9","5338.9","batched","daf639baedb5f2f629243778d5d2e7a683feddbd","1","1"
"8","2","100","2000","16000","2410.858","6636.642","53093.133","153.9","1132.8","1721.5","2181","3713.2","single","f53903456b01fb5370346f1f8c7c2f3d84efec70","1","1"
"8","3","100","2000","16000","2447.713","6536.713","52293.706","135.4","1146.8","1793.4","2306.3","3787.4","single","f53903456b01fb5370346f1f8c7c2f3d84efec70","1","1"
"8","3","100","2000","16000","1129.075","14170.887","113367.097","145.6","524.7","848.8","1243.6","2474.2","batched","daf639baedb5f2f629243778d5d2e7a683feddbd","1","1"
"8","4","100","2000","16000","1095.593","14603.966","116831.728","130.6","495.8","825.3","1251.6","5096.5","batched","daf639baedb5f2f629243778d5d2e7a683feddbd","1","1"
"8","4","100","2000","16000","2614.198","6120.423","48963.382","140.2","1204.7","1972.1","2578.9","4642.8","single","f53903456b01fb5370346f1f8c7c2f3d84efec70","1","1"
"8","5","100","2000","16000","2535.469","6310.469","50483.753","151.1","1156.7","1901","2582.2","29505.2","single","f53903456b01fb5370346f1f8c7c2f3d84efec70","1","1"
"8","5","100","2000","16000","1187.602","13472.525","107780.198","150.5","543.3","919.5","1382.1","3317.9","batched","daf639baedb5f2f629243778d5d2e7a683feddbd","1","1"
"16","1","100","2000","32000","9767.562","3276.15","52418.403","254.5","4593.7","6504.1","9248","23301.1","single","f53903456b01fb5370346f1f8c7c2f3d84efec70","1","1"
"16","1","100","2000","32000","2555.163","12523.661","200378.582","258.9","1192.5","1943","2662.7","6608.7","batched","daf639baedb5f2f629243778d5d2e7a683feddbd","1","1"
"16","2","100","2000","32000","2605.11","12283.551","196536.822","260.8","1205","2054.3","2678.3","4355.9","batched","daf639baedb5f2f629243778d5d2e7a683feddbd","1","1"
"16","2","100","2000","32000","9558.685","3347.741","53563.855","280.6","4603.6","6005.8","6848.8","31511.7","single","f53903456b01fb5370346f1f8c7c2f3d84efec70","1","1"
"16","3","100","2000","32000","9521.86","3360.688","53771.007","253.5","4592","5861.4","7000.7","15688.8","single","f53903456b01fb5370346f1f8c7c2f3d84efec70","1","1"
"16","3","100","2000","32000","2559.275","12503.542","200056.672","254.7","1216","1840.5","2361.5","3537","batched","daf639baedb5f2f629243778d5d2e7a683feddbd","1","1"
"16","4","100","2000","32000","2494.21","12829.715","205275.443","261.7","1185.5","1807.7","2315.7","3427.3","batched","daf639baedb5f2f629243778d5d2e7a683feddbd","1","1"
"16","4","100","2000","32000","9502.829","3367.418","53878.689","258.7","4561.1","5980.9","7339.2","27065.8","single","f53903456b01fb5370346f1f8c7c2f3d84efec70","1","1"
"16","5","100","2000","32000","11046.831","2896.758","46348.132","237.3","4878.6","8203.6","17699","56038.3","single","f53903456b01fb5370346f1f8c7c2f3d84efec70","1","1"
"16","5","100","2000","32000","3215.427","9952.022","159232.346","242.3","1360.3","2631.5","5098","33317.1","batched","daf639baedb5f2f629243778d5d2e7a683feddbd","1","1"
"32","1","100","2000","64000","38881.601","1646.023","52672.728","484.4","18480.2","24776.3","35424.2","78839.6","single","f53903456b01fb5370346f1f8c7c2f3d84efec70","1","1"
"32","1","100","2000","64000","5973.74","10713.557","342833.814","515.6","2788.6","4138.5","5288.9","10274.5","batched","daf639baedb5f2f629243778d5d2e7a683feddbd","1","1"
"32","2","100","2000","64000","6312.831","10138.082","324418.617","505.4","2910.1","4511.9","5754.8","32159.1","batched","daf639baedb5f2f629243778d5d2e7a683feddbd","1","1"
"32","2","100","2000","64000","36290.552","1763.544","56433.421","474.7","17813.9","20647.7","24000.6","45252.9","single","f53903456b01fb5370346f1f8c7c2f3d84efec70","1","1"
"32","3","100","2000","64000","39097.081","1636.951","52382.428","474.9","18503.7","24490.1","41916.9","88288.9","single","f53903456b01fb5370346f1f8c7c2f3d84efec70","1","1"
"32","3","100","2000","64000","6178.817","10357.97","331455.034","490.8","2866.7","4283","6007.8","33187.7","batched","daf639baedb5f2f629243778d5d2e7a683feddbd","1","1"
"32","4","100","2000","64000","6040.882","10594.479","339023.324","488.5","2878.5","4112.7","5085.8","10048.1","batched","daf639baedb5f2f629243778d5d2e7a683feddbd","1","1"
"32","4","100","2000","64000","37324.75","1714.68","54869.759","464.9","18189.3","21513.5","27248.7","69635.9","single","f53903456b01fb5370346f1f8c7c2f3d84efec70","1","1"
"32","5","100","2000","64000","37901.851","1688.572","54034.3","485.2","18398","22341","27734.4","60048.2","single","f53903456b01fb5370346f1f8c7c2f3d84efec70","1","1"
"32","5","100","2000","64000","6322.37","10122.786","323929.165","511.5","2885.6","4429.3","5708.4","18338.1","batched","daf639baedb5f2f629243778d5d2e7a683feddbd","1","1"
"64","1","100","2000","128000","155687.503","822.16","52618.225","130.4","75496.9","91626.2","112418.4","169589.9","single","f53903456b01fb5370346f1f8c7c2f3d84efec70","1","1"
"64","1","100","2000","128000","20232.143","6326.567","404900.26","1016.7","9646.9","14118.6","19353.6","76507.9","batched","daf639baedb5f2f629243778d5d2e7a683feddbd","1","1"
"64","2","100","2000","128000","21011.25","6091.975","389886.374","163.4","10015.3","14990.1","20084.1","56324","batched","daf639baedb5f2f629243778d5d2e7a683feddbd","1","1"
"64","2","100","2000","128000","153406.947","834.382","53400.45","112.8","74851.2","88234.8","106937.7","181603.6","single","f53903456b01fb5370346f1f8c7c2f3d84efec70","1","1"
"64","3","100","2000","128000","160457.473","797.719","51054.026","176.9","75638.1","104726.1","143380.8","446982.1","single","f53903456b01fb5370346f1f8c7c2f3d84efec70","1","1"
"64","3","100","2000","128000","18663.926","6858.15","438921.591","138.5","9110.6","12193.8","14864.4","120504.1","batched","daf639baedb5f2f629243778d5d2e7a683feddbd","1","1"
"64","4","100","2000","128000","18552.533","6899.328","441556.968","925.5","9175.5","11986.4","14137.7","36334.1","batched","daf639baedb5f2f629243778d5d2e7a683feddbd","1","1"
"64","4","100","2000","128000","154120.986","830.516","53153.047","118.3","75414","84977.8","111343.1","203994.3","single","f53903456b01fb5370346f1f8c7c2f3d84efec70","1","1"
"64","5","100","2000","128000","155071.089","825.428","52827.384","140","75273.7","90719.2","115839.1","196003.8","single","f53903456b01fb5370346f1f8c7c2f3d84efec70","1","1"
"64","5","100","2000","128000","21345.199","5996.665","383786.537","948.2","10230.2","14647","19897.3","64311.9","batched","daf639baedb5f2f629243778d5d2e7a683feddbd","1","1"
