"Variant","Clients","Repetitions","ServerTcpNoDelay","ClientTcpNoDelay","SamplesPerRun","MedianCommandsPerSecond","MedianP50Us","MedianP95Us","MedianP99Us"
"single","1","5","1","1","2000","13891.416","61.7","110.4","232.5"
"batched","1","5","1","1","2000","14182.768","61.8","110.5","242.6"
"single","8","5","1","1","16000","6310.469","1156.7","1901","2578.9"
"batched","8","5","1","1","16000","13924.96","519.5","878.6","1370.2"
"single","16","5","1","1","32000","3347.741","4593.7","6005.8","7339.2"
"batched","16","5","1","1","32000","12503.542","1205","1943","2662.7"
"single","32","5","1","1","64000","1688.572","18398","22341","27734.4"
"batched","32","5","1","1","64000","10357.97","2878.5","4283","5708.4"
"single","64","5","1","1","128000","825.428","75414","90719.2","112418.4"
"batched","64","5","1","1","128000","6326.567","9646.9","14118.6","19353.6"
