Clients,Run,WarmupMovesPerClient,MeasuredMovesPerClient,Samples,ElapsedMs,CommandsPerSecond,EstimatedDeliveriesPerSecond,MinUs,P50Us,P95Us,P99Us,MaxUs
1,1,100,2000,2000,129.907,15395.582,15395.582,38.2,59.4,98.6,146.1,713
1,2,100,2000,2000,129.601,15431.944,15431.944,37.7,59.6,98.2,141.8,307.1
1,3,100,2000,2000,127.086,15737.375,15737.375,37.8,58.2,98.2,156.7,298.9
1,4,100,2000,2000,186.943,10698.437,10698.437,38.4,58.3,106.1,278.8,11452.9
1,5,100,2000,2000,128.766,15532.099,15532.099,38.3,58.7,96.5,187.3,399.6
8,1,100,2000,16000,2445.156,6543.551,52348.407,139.7,1172.7,1620.2,1993.8,2850.7
8,2,100,2000,16000,2720.604,5881.047,47048.376,138.6,1211.7,2039,3248.7,18247
8,3,100,2000,16000,2444.066,6546.469,52371.751,137.4,1147.8,1597.7,2028,26299.6
8,4,100,2000,16000,2556.182,6259.336,50074.688,127.5,1189,1749.1,2443,11885.8
8,5,100,2000,16000,2320.021,6896.489,55171.914,146.5,1096.8,1512,1837.2,4221.8
16,1,100,2000,32000,8949.441,3575.642,57210.275,271.3,4407.7,5212.9,5783.9,9200.4
16,2,100,2000,32000,8919.229,3587.754,57404.064,239.7,4290.2,5487,6963.9,28474.1
16,3,100,2000,32000,8693.241,3681.021,58896.331,240.9,4238,5077.9,5782.5,28394.3
16,4,100,2000,32000,9011.716,3550.933,56814.93,247.3,4371.8,5414.2,7154.8,13927.1
16,5,100,2000,32000,9231.571,3466.366,55461.851,251.8,4414.5,6047.1,8482.3,18370.9
32,1,100,2000,64000,37095.106,1725.295,55209.44,478.9,17246.5,23854.6,40550.5,146121.5
32,2,100,2000,64000,36328.082,1761.723,56375.121,138.9,17167,21772.4,37541.1,77985.9
32,3,100,2000,64000,37913.507,1688.053,54017.689,476.7,17849.9,23589.5,39016.3,120309.5
32,4,100,2000,64000,37622.005,1701.132,54436.227,483.5,18248.9,21941.9,30137.3,69951.7
32,5,100,2000,64000,38224.273,1674.329,53578.52,477.7,18435.9,22362.7,31058.8,108260.4
64,1,100,2000,128000,163715.453,781.844,50038.038,133.3,76502.8,109892.2,162885.1,311851.2
64,2,100,2000,128000,157395.212,813.239,52047.326,99.8,75748,94766.7,137685.7,250344
64,3,100,2000,128000,163673.168,782.046,50050.965,125,76058.6,111199.4,156185.2,326586.1
64,4,100,2000,128000,164723.94,777.058,49731.691,105.4,77109,109242.6,155116.7,720734.5
64,5,100,2000,128000,163863.337,781.139,49992.879,112.2,78190.9,110468.6,151998.9,356429.2
